original_path	archive_path	sha256	bytes	last_commit
AVL-FX document/AVL-FX_システム仕様書.md	docs/archive/v1/AVL-FX document/AVL-FX_システム仕様書.md	9468917d36ba6e92a478349bd18ae8d07ef961129af4687b41367af4b5f500be	35374	5a4c52a 2026-09-10
AVLFXドキュメント/00_MASTER/AVLFX_MASTER.md	docs/archive/v1/AVLFXドキュメント/00_MASTER/AVLFX_MASTER.md	2c4a635de3636feb0357d678ca013e95b888fdddfc2d63978d9b98856f6afc5b	15246	9ecb0ac 2026-09-09
AVLFXドキュメント/00_MASTER/DEVELOPMENT_ROADMAP.md	docs/archive/v1/AVLFXドキュメント/00_MASTER/DEVELOPMENT_ROADMAP.md	1a8fc833959ffd268866c9c85acfcdab0a62bba372b37217b267f686d5c21331	6190	1a2d3d4 2026-08-23
AVLFXドキュメント/00_MASTER/FINAL_PRODUCT_VISION.md	docs/archive/v1/AVLFXドキュメント/00_MASTER/FINAL_PRODUCT_VISION.md	dafc655f2e1ffbb5e2a414729fe3a0e23959132b5659321cefe652902e06eb7d	6143	1a2d3d4 2026-08-23
AVLFXドキュメント/00_MASTER/SYSTEM_ARCHITECTURE.md	docs/archive/v1/AVLFXドキュメント/00_MASTER/SYSTEM_ARCHITECTURE.md	68f4cfb57bbaf5d99ed58a9dc9599aea8a9072ed439716e5395d67fb38d7b121	8186	6805e63 2026-09-06
AVLFXドキュメント/01_CURRENT_SYSTEM/AI.md	docs/archive/v1/AVLFXドキュメント/01_CURRENT_SYSTEM/AI.md	75263c4dee6464b6643ba2ef29f02a1ae2daf1228ad02dfb827a93df680ff8fa	6222	7dd008f 2026-08-22
AVLFXドキュメント/01_CURRENT_SYSTEM/BACKEND.md	docs/archive/v1/AVLFXドキュメント/01_CURRENT_SYSTEM/BACKEND.md	34b64e8c9e1d85a9abb60aaf88d56874d7dc770815b57b0faa5257680e53d20f	6516	1a2d3d4 2026-08-23
AVLFXドキュメント/01_CURRENT_SYSTEM/CURRENT_STATUS.md	docs/archive/v1/AVLFXドキュメント/01_CURRENT_SYSTEM/CURRENT_STATUS.md	3c637a4b1c15f50b5a9839d079e93a77ba35854d2afd7e8950830ae008bc0b11	9994	a4ce4e3 2026-09-10
AVLFXドキュメント/01_CURRENT_SYSTEM/DATABASE.md	docs/archive/v1/AVLFXドキュメント/01_CURRENT_SYSTEM/DATABASE.md	cc92da1bd984f132a5d11a4528c95904d98864adbf72f86d95ea8d5354f66b94	10498	1a2d3d4 2026-08-23
AVLFXドキュメント/01_CURRENT_SYSTEM/FRONTEND.md	docs/archive/v1/AVLFXドキュメント/01_CURRENT_SYSTEM/FRONTEND.md	3793ba9802c930caef035486ee92aee266d61da8c59cdf0b546a86d5146b7a77	8580	10c604e 2026-09-03
AVLFXドキュメント/01_CURRENT_SYSTEM/GATEWAY.md	docs/archive/v1/AVLFXドキュメント/01_CURRENT_SYSTEM/GATEWAY.md	81547dde648c028531469ff0c6dfca98450354098877979f26f3e56d0e4ebf62	3680	1a2d3d4 2026-08-23
AVLFXドキュメント/01_CURRENT_SYSTEM/MT5.md	docs/archive/v1/AVLFXドキュメント/01_CURRENT_SYSTEM/MT5.md	0f78a14f3de0b06bf3dab6b50a23ed4af1304acb67c37ab96920ddc34581f6c7	7017	1a2d3d4 2026-08-23
AVLFXドキュメント/01_CURRENT_SYSTEM/RESEARCH_ENGINE.md	docs/archive/v1/AVLFXドキュメント/01_CURRENT_SYSTEM/RESEARCH_ENGINE.md	e10d5655118c40cc31fc881fc05869440a522d730574d5bbe493d3a05dde9a3d	8435	1a2d3d4 2026-08-23
AVLFXドキュメント/02_DEVELOPMENT_LOG/20260822_MISC_BACKTEST_DIAGNOSTIC_UI_JAPANESE.md	docs/archive/v1/AVLFXドキュメント/02_DEVELOPMENT_LOG/20260822_MISC_BACKTEST_DIAGNOSTIC_UI_JAPANESE.md	51cce790b9ae5b2d92d3acbb3eee9e690ef03bad5d0ce98c574803e9057bcedf	3503	bac9014 2026-08-22
AVLFXドキュメント/02_DEVELOPMENT_LOG/20260822_STAGE1_STEP04_UI_JAPANESE_LOCALIZATION.md	docs/archive/v1/AVLFXドキュメント/02_DEVELOPMENT_LOG/20260822_STAGE1_STEP04_UI_JAPANESE_LOCALIZATION.md	d7b229b7ac4b91b6595a074e685b67ca74315c50ebf2ea63e99810b96c1126ae	5496	004ec7f 2026-08-22
AVLFXドキュメント/02_DEVELOPMENT_LOG/20260823_STAGE1_STEP04_PRODUCTION_UI_CLEANUP.md	docs/archive/v1/AVLFXドキュメント/02_DEVELOPMENT_LOG/20260823_STAGE1_STEP04_PRODUCTION_UI_CLEANUP.md	3b5a4884a89fe1017850344669b0c88fb01e3072083326382b73b47a6d815630	6010	6ac0f02 2026-08-23
AVLFXドキュメント/02_DEVELOPMENT_LOG/20260823_STAGE1_STEP05_CONVERSATIONAL_STRATEGY_RESEARCH.md	docs/archive/v1/AVLFXドキュメント/02_DEVELOPMENT_LOG/20260823_STAGE1_STEP05_CONVERSATIONAL_STRATEGY_RESEARCH.md	0c5c9572234215ac7637ad60495e2bc6dc25c4f6e143431993e8b6210777a84f	7626	a763e59 2026-08-23
AVLFXドキュメント/02_DEVELOPMENT_LOG/20260823_STAGE1_STEP06_CANDLESTICK_TRAILING_MULTITP.md	docs/archive/v1/AVLFXドキュメント/02_DEVELOPMENT_LOG/20260823_STAGE1_STEP06_CANDLESTICK_TRAILING_MULTITP.md	fe407144d1cb62ef7ecc517286f9c0debe27eca40744cc03a371dd6c7375b401	3565	79b2cc2 2026-08-23
AVLFXドキュメント/02_DEVELOPMENT_LOG/20260823_STAGE1_STEP07_CURATED_EA_SCREENING.md	docs/archive/v1/AVLFXドキュメント/02_DEVELOPMENT_LOG/20260823_STAGE1_STEP07_CURATED_EA_SCREENING.md	55a5c422596879c4ddaeb3a8ffcadad8e88fc44b427febddce379664be22f1a3	2257	9aa602f 2026-08-25
AVLFXドキュメント/02_DEVELOPMENT_LOG/20260823_STRATEGY_RESEARCH_5EA.md	docs/archive/v1/AVLFXドキュメント/02_DEVELOPMENT_LOG/20260823_STRATEGY_RESEARCH_5EA.md	960d1df87681f1e773d74cdd6436bd755b475fbf614fdf0718eff343942eae33	3557	2e70d00 2026-08-23
AVLFXドキュメント/02_DEVELOPMENT_LOG/LIVE_TRADING_ARCHITECTURE_AUDIT.md	docs/archive/v1/AVLFXドキュメント/02_DEVELOPMENT_LOG/LIVE_TRADING_ARCHITECTURE_AUDIT.md	7e161ba80766c20a74e8e6a5007da32f2680accc897e9f02ab01e2e29768aea5	17786	9ecb0ac 2026-09-09
AVLFXドキュメント/02_DEVELOPMENT_LOG/ONE_COMMON_EA_ARCHITECTURE_AUDIT.md	docs/archive/v1/AVLFXドキュメント/02_DEVELOPMENT_LOG/ONE_COMMON_EA_ARCHITECTURE_AUDIT.md	e8b6bf7924f63c5fbcafeecf068a2f7bc7b8452afc6bd2e263a89b3ba87bf1fa	6035	6e94279 2026-09-09
AVLFXドキュメント/02_DEVELOPMENT_LOG/README.md	docs/archive/v1/AVLFXドキュメント/02_DEVELOPMENT_LOG/README.md	088bf0fce049c669b517bda0f66d65adde931fcd06cf7d15e8b9a4f4346fec3a	2633	2e70d00 2026-08-23
AVLFXドキュメント/02_DEVELOPMENT_LOG/STAGE_1_STEP_01_AI_EA_BUILDER_INPUTS.md	docs/archive/v1/AVLFXドキュメント/02_DEVELOPMENT_LOG/STAGE_1_STEP_01_AI_EA_BUILDER_INPUTS.md	97f0413a32a43815d7fd546f320a905787946c06511a8b3fe2496710f845ff50	5180	7dd008f 2026-08-22
AVLFXドキュメント/02_DEVELOPMENT_LOG/STAGE_1_STEP_02_PRE_ADD_BACKTEST.md	docs/archive/v1/AVLFXドキュメント/02_DEVELOPMENT_LOG/STAGE_1_STEP_02_PRE_ADD_BACKTEST.md	6ac8da5389afdbe2a5e4357b836d6280e3f13ac2ee0e6087883a2a205dd34f2f	6115	1026cd9 2026-08-22
AVLFXドキュメント/02_DEVELOPMENT_LOG/STAGE_1_STEP_03B_PREVIEW_BACKTEST_ZERO_TRADES_BUG.md	docs/archive/v1/AVLFXドキュメント/02_DEVELOPMENT_LOG/STAGE_1_STEP_03B_PREVIEW_BACKTEST_ZERO_TRADES_BUG.md	a1a8eaaed4b8472763cfea904b527fb08b49a7d732bbd401e077251d9be1f9d5	4598	29cd335 2026-08-22
AVLFXドキュメント/02_DEVELOPMENT_LOG/STAGE_1_STEP_03_REAL_EA_CREATION_E2E_TEST.md	docs/archive/v1/AVLFXドキュメント/02_DEVELOPMENT_LOG/STAGE_1_STEP_03_REAL_EA_CREATION_E2E_TEST.md	1608ad628564492eefbc94f638fd57a6c5fa10c7a4aeb7f6299e8837874b591b	5668	0ae5e4e 2026-08-22
AVLFXドキュメント/02_DEVELOPMENT_LOG/STAGE_3_A_LIVE_TRADING_FOUNDATION.md	docs/archive/v1/AVLFXドキュメント/02_DEVELOPMENT_LOG/STAGE_3_A_LIVE_TRADING_FOUNDATION.md	65f1bda06a1b5ee86c66a85f66ee8d409c2cda311e27be8992073f0bb6f81585	8402	7a95f1f 2026-09-03
AVLFXドキュメント/02_DEVELOPMENT_LOG/STAGE_3_B_AVL_EXECUTION_BRIDGE.md	docs/archive/v1/AVLFXドキュメント/02_DEVELOPMENT_LOG/STAGE_3_B_AVL_EXECUTION_BRIDGE.md	43453153d128cd9d454ccd554c3afe8691f7d66f4afdd356b57a76a03850ae29	5713	dd89ca9 2026-09-03
AVLFXドキュメント/03_PRODUCTION/COMMON_EXECUTION_BRIDGE.md	docs/archive/v1/AVLFXドキュメント/03_PRODUCTION/COMMON_EXECUTION_BRIDGE.md	4541563d7f65ca136ad23f773c0bd9fddf1be3d37c4121fadc60290a15c107b0	3782	6e94279 2026-09-09
AVLFXドキュメント/03_PRODUCTION/ENV_VARIABLES.md	docs/archive/v1/AVLFXドキュメント/03_PRODUCTION/ENV_VARIABLES.md	eb7ffe3089d039f1a560c078919d4ee3f9ce1cfb5e83769737da14de63bc2915	4570	5a4c52a 2026-09-10
AVLFXドキュメント/03_PRODUCTION/EXECUTION_ENGINE.md	docs/archive/v1/AVLFXドキュメント/03_PRODUCTION/EXECUTION_ENGINE.md	9dbfd65e27a1b0081b5767cb80aaa8f48d1d9cd23aafbc8353712ab0656be499	1466	1a2d3d4 2026-08-23
AVLFXドキュメント/03_PRODUCTION/LIVE_TRADING.md	docs/archive/v1/AVLFXドキュメント/03_PRODUCTION/LIVE_TRADING.md	3f72f8c69c04c0ed9c43d958df90ae73a203100a3fb67d2d26213f0ede2071db	2443	1a2d3d4 2026-08-23
AVLFXドキュメント/03_PRODUCTION/PAPER_TRADING.md	docs/archive/v1/AVLFXドキュメント/03_PRODUCTION/PAPER_TRADING.md	88a9765bf35b62d4673b731d69e54f2fa81611eaaac72fc381c311f0a443c059	1109	1a2d3d4 2026-08-23
AVLFXドキュメント/03_PRODUCTION/RISK_ENGINE.md	docs/archive/v1/AVLFXドキュメント/03_PRODUCTION/RISK_ENGINE.md	66e17983892cd7133d3d8b161139eff549ec1c59881774f8fb3a705930c8054a	1178	1a2d3d4 2026-08-23
AVLFXドキュメント/03_PRODUCTION/SAFETY.md	docs/archive/v1/AVLFXドキュメント/03_PRODUCTION/SAFETY.md	b194a924fed8d8fe1d4a2fa5f9f85c22fb4c87b9b868dc98bb4713863fad3d27	2005	1a2d3d4 2026-08-23
AVLFXドキュメント/03_PRODUCTION/STRATEGY_RUNTIME.md	docs/archive/v1/AVLFXドキュメント/03_PRODUCTION/STRATEGY_RUNTIME.md	8db9907f9de349c70c922a8764b9dac1b325045ee62c69b3ec67699faa51ee51	2689	1a2d3d4 2026-08-23
AVLFXドキュメント/03_PRODUCTION/USER_MT5_REALTIME_ARCHITECTURE.md	docs/archive/v1/AVLFXドキュメント/03_PRODUCTION/USER_MT5_REALTIME_ARCHITECTURE.md	242aab09f5db2bf6966830aa04cd820d6c532cd5770c15558bd08f69bb5b341a	8639	a4ce4e3 2026-09-10
AVLFXドキュメント/04_WORKFLOW/EA_CREATION_FLOW.md	docs/archive/v1/AVLFXドキュメント/04_WORKFLOW/EA_CREATION_FLOW.md	75462a764a6fe484ce31bb49e1204aa73afb8e5d30b8c6cc7676e424c3f68e1a	5780	1026cd9 2026-08-22
AVLFXドキュメント/04_WORKFLOW/LIVE_DEPLOYMENT_FLOW.md	docs/archive/v1/AVLFXドキュメント/04_WORKFLOW/LIVE_DEPLOYMENT_FLOW.md	07802a9b29ab7c134c96e887b889dfc76087a26275ea1b46edb4ec0e8820f9c5	2172	1a2d3d4 2026-08-23
AVLFXドキュメント/04_WORKFLOW/RESEARCH_PIPELINE.md	docs/archive/v1/AVLFXドキュメント/04_WORKFLOW/RESEARCH_PIPELINE.md	b4dd8008ed01ac67995d219107b0fc0df4724fe68a209b2d83934f7318976048	3973	1a2d3d4 2026-08-23
AVLFXドキュメント/04_WORKFLOW/VALIDATION_FLOW.md	docs/archive/v1/AVLFXドキュメント/04_WORKFLOW/VALIDATION_FLOW.md	93ad43da099a71cde1e057e9197aafa2b5d4121f27e5b3446be91e9a43758aa3	2937	1a2d3d4 2026-08-23
AVLFXドキュメント/05_UI_UX/AI_EA_BUILDER.md	docs/archive/v1/AVLFXドキュメント/05_UI_UX/AI_EA_BUILDER.md	7961ac7729189690bddffebf6ab1d804f3ceb3411d5af53d69206b63c4cf1191	7883	7dd008f 2026-08-22
AVLFXドキュメント/05_UI_UX/EA_COMMAND_CENTER.md	docs/archive/v1/AVLFXドキュメント/05_UI_UX/EA_COMMAND_CENTER.md	77b0ea69ecdfdbed2af12b8d456b4b4ba52e9838515e44df88a74ac8063780cb	3739	6ac0f02 2026-08-23
AVLFXドキュメント/05_UI_UX/FINAL_UI.md	docs/archive/v1/AVLFXドキュメント/05_UI_UX/FINAL_UI.md	be96469f611be7b89af86b73519a3647f42ede44a292a19e10d1d95d21a103ab	4786	1a2d3d4 2026-08-23
AVLFXドキュメント/05_UI_UX/STRATEGY_DETAIL.md	docs/archive/v1/AVLFXドキュメント/05_UI_UX/STRATEGY_DETAIL.md	4145aa1df60f4374cd1b0353e865339959360a783049901dcfaebfa87c789aeb	5236	bac9014 2026-08-22
AVLFXドキュメント/06_RESEARCH_HISTORY/PHASE_5_RESULTS.md	docs/archive/v1/AVLFXドキュメント/06_RESEARCH_HISTORY/PHASE_5_RESULTS.md	d52a82fc2c270fddd4f26f3243585fe606afa3a0df3756ebfdbc59596c9dce54	1448	1a2d3d4 2026-08-23
AVLFXドキュメント/06_RESEARCH_HISTORY/PHASE_6_RESULTS.md	docs/archive/v1/AVLFXドキュメント/06_RESEARCH_HISTORY/PHASE_6_RESULTS.md	6a92d12d18bc9213ecb2adee5f11e4a0fbe15300ffd3022d51ce2678220663f1	2297	1a2d3d4 2026-08-23
AVLFXドキュメント/06_RESEARCH_HISTORY/PHASE_7_RESULTS.md	docs/archive/v1/AVLFXドキュメント/06_RESEARCH_HISTORY/PHASE_7_RESULTS.md	2e24b368beceb9f5621633e6955d567ab5537966a345456b4849159e6c839b57	3031	1a2d3d4 2026-08-23
AVLFXドキュメント/06_RESEARCH_HISTORY/PHASE_8_RESULTS.md	docs/archive/v1/AVLFXドキュメント/06_RESEARCH_HISTORY/PHASE_8_RESULTS.md	3db533d6dd27cdc10f28c7f8fdbbd08385ff6f1085960547289d89c7dfdc797c	2717	1a2d3d4 2026-08-23
AVLFXドキュメント/06_RESEARCH_HISTORY/USER_MT5_MARKET_DATA_ARCHITECTURE_AUDIT.md	docs/archive/v1/AVLFXドキュメント/06_RESEARCH_HISTORY/USER_MT5_MARKET_DATA_ARCHITECTURE_AUDIT.md	4ea30d67f73383f1ebead517a1e7950a09486158a5d2e4b1278176af8aa65c89	27493	a4ce4e3 2026-09-10
AVLFXドキュメント/99_ARCHIVE/README.md	docs/archive/v1/AVLFXドキュメント/99_ARCHIVE/README.md	c1b25368903fa092ecb44c6826445f230b4fac929b196e970110e833a91b1b56	608	1a2d3d4 2026-08-23
